Entity,Code,Year,Meningitis (deaths),Lower respiratory infections (deaths),Protein-energy malnutrition (deaths),Terrorism ,Cardiovascular,Dementia (deaths),Kidney disease (deaths),Respiratory diseases (deaths),Liver diseases (deaths),Digestive diseases (deaths),Hepatitis (deaths),Cancers,Parkinson disease (deaths),Fire (deaths),Malaria (deaths),Drowning (deaths),Homicide (deaths),HIV/AIDS (deaths),Drug use disorders (deaths),Tuberculosis (deaths),Road injuries (deaths),Maternal disorders (deaths),Neonatal disorders (deaths),Alcohol use disorders (deaths),Natural disasters (deaths),Diarrheal diseases (deaths),Heat (hot and cold exposure) (deaths),Nutritional deficiencies (deaths),Suicide (deaths),Conflict (deaths),Diabetes (deaths),Poisonings (deaths)
Afghanistan,AFG,2018,6588.6683,21431.16382,1369.742538,6092,56119,2893.171202,3895.213013,6917.373453,2242.992423,5168.969128,940.5628843,16670,456.1882451,484.7974049,1220.600546,2002.65898,3506.614204,302.1668803,346.3390094,3634.060664,8692.31421,4095.49132,27521.74124,125.474868,155.0000002,6176.201212,153.3830193,1440.662274,1725.624776,1662.000127,5978.46172,365.394197
Albania,ALB,2018,18.6068501,381.6531384,3.257634344,0,12145,1337.440187,362.5371589,736.0292906,308.7977297,489.4959306,2.959034238,4345,233.6188292,16.79734384,0,37.61861772,68.84653829,1.285799649,22.98895296,11.9869955,247.5352916,3.475718967,183.6850631,15.46536791,1,6.939838661,10.52808311,4.458937676,161.9774263,0,135.0015294,11.3839997
Algeria,DZA,2018,379.6145239,4723.762257,80.51706599,12,79389,8175.242117,4577.022553,5508.419832,2935.124513,4800.227615,312.7043322,21656,1139.958076,735.9572634,6.015983289,509.2925145,438.6671632,326.6607421,1010.678862,417.069297,6905.410229,630.191116,6511.279864,130.3324841,0,377.2447091,50.09391055,97.70408901,1698.665146,134.9999963,5201.53533,366.6456031
American Samoa,ASM,2018,0.731540869,13.79903253,1.468605097,,100,8.453716128,23.52139661,16.87516912,5.888122843,11.91401,0.064913568,59,1.36823443,0.513866998,0,3.805962042,2.901451866,0.335762774,0.426503032,0.376900628,4.278351246,1.2083368,4.608329998,0.344535622,0,1.180292681,1.142969432,1.572362092,3.481450967,0,33.24537783,0.40785145
Andorra,AND,2018,0.256891355,30.98006831,0.135491019,,171,56.32111446,5.788669295,32.68121893,10.08008154,27.44157723,0.117097294,172,6.788084471,0.77831235,0,0.440135265,0.561617311,0.441990168,2.138703061,0.357183817,3.734439886,0.031862768,0.436309277,1.870977453,0,1.097464061,0.377334522,0.205361846,8.186095378,0,5.269972049,0.207765989
Angola,AGO,2018,3231.569615,14508.40499,4432.241559,7,21785,1649.393457,2809.242811,3750.627243,5294.233192,8274.165559,411.5164154,12040,240.1714147,711.4833542,8431.057006,2005.294815,889.7432779,14584.70243,167.0730605,11409.41753,6781.226022,2126.952851,17881.91365,246.9949576,11,17390.30088,141.4610568,4515.796896,1745.994646,55.99999981,3558.147037,285.4323965
Antigua and Barbuda,ATG,2018,0.949083141,32.54382881,2.232636813,,187,26.92069753,25.98840979,11.78372488,11.16969354,20.66403486,0.191596082,120,4.747350952,1.794245585,0,4.397953897,4.753643697,7.509006684,0.912519678,0.367873081,6.68631456,0.640170667,5.107089762,6.573077373,1.000000003,1.40323103,0.459664126,2.298385118,2.625974889,0,45.48250342,0.446067041
Argentina,ARG,2018,494.948379,31058.14225,983.6076194,0,105777,18616.81649,10834.30019,18992.48386,7346.319944,14905.83791,178.4050935,74066,2917.513863,756.3700341,0,709.8346017,2733.485868,1719.217843,797.9120485,679.3484973,6457.318523,378.8405192,3600.109017,857.0902859,1,651.446992,101.2001803,1075.354199,5024.770844,0,9345.109432,357.7439358
Armenia,ARM,2018,8.618483468,500.8640669,1.26850961,,13631,1357.246658,429.6167292,1310.628476,1107.319912,1719.854038,5.791550036,5756,179.9751146,36.88679336,0,47.95518606,111.7408934,23.72882174,41.99240541,76.60469956,241.8676396,9.133618874,140.9516571,58.15277042,0,13.21036324,45.74390466,3.53042953,301.6836575,0,1142.020098,20.88507661
Australia,AUS,2018,56.79848679,4451.177815,95.20546335,4,52101,17118.89265,4455.439414,10821.96096,2186.75221,6111.539373,108.0516684,50254,2328.239022,162.1439762,0,215.4724555,327.4005126,76.57992115,1222.502214,88.6593353,1660.79976,14.76422387,540.1201487,604.1123435,12,187.5236862,69.13429692,121.4347157,3055.189141,0,3755.066653,53.20807028
Austria,AUT,2018,32.33297609,961.0659346,1.506607039,2,31386,7480.6789,2753.507453,3383.093447,1860.129117,3227.180637,5.640052935,21745,994.2299584,87.65897803,0,66.08162799,68.68394288,37.9689139,178.3891227,51.25939003,481.3169285,3.707086565,127.9845396,489.4101076,0,98.11754096,62.69004782,8.687967546,1422.042336,0,2059.22513,31.75966512
Azerbaijan,AZE,2018,100.6376646,3054.883143,28.5389384,5,40266,2481.946941,1169.188538,2339.510525,3140.757843,3940.292211,50.01115725,10954,359.280256,393.2037174,0,307.5074392,374.0546487,31.5164108,69.24162394,690.8299692,645.0270194,44.91398286,2274.307121,346.0992578,0,192.4562887,112.094231,38.09391292,431.4535599,0,1751.599207,90.28771601
Bahamas,BHS,2018,4.092309443,104.9211209,2.986048936,,801,92.4764485,92.72784412,52.02802404,53.71765949,103.6192651,0.994581454,530,16.02486842,8.927890574,0,25.82246878,107.4618611,114.2315846,4.468331484,7.403474901,60.08596127,4.902142687,24.99447171,20.89282109,0,3.807444405,2.366882191,4.140431429,12.86224875,0,127.5619624,1.134465705
Bahrain,BHR,2018,3.610300147,95.06374965,2.620578386,6,961,109.6817931,133.014209,113.8823171,84.43386701,142.5144009,4.694253479,553,16.72460882,10.39073112,0,9.648096358,20.97552686,11.52718933,11.57939548,9.030209049,128.1787335,3.824589508,53.5963685,9.274140286,0,9.06304842,2.072239936,3.043424207,72.97107928,10.99999876,528.8163021,2.291613912
Bangladesh,BGD,2018,1340.182938,38521.32307,3972.552408,25,320563,17256.21584,16783.33314,82276.07378,26389.93369,44992.49671,3196.761396,99302,3387.812395,1671.315613,3274.378222,14029.00959,2463.196247,627.0408593,3215.583416,13161.66675,11798.25318,4709.848038,53448.75927,257.743805,163,30146.92476,69.62866324,4961.691805,9342.544842,118.9999996,34563.72552,525.5919186
Barbados,BRB,2018,3.814878776,182.9654494,4.616663708,,840,170.827999,89.55666065,63.18491355,38.69436506,93.86331159,1.14306533,677,24.89910152,5.153452621,0,11.30741092,32.16382527,24.97983191,1.825355697,1.708982277,30.58368645,2.280178575,17.9508406,7.467189282,0,4.04406848,0.625966498,6.058163224,14.89547665,0,242.1545809,0.706225651
Belarus,BLR,2018,51.04335043,1174.547706,13.46330021,,73014,6549.900874,485.3196939,2064.896894,2533.233487,4498.17205,21.28184873,18558,698.832438,623.1415832,0,630.0952335,648.2304718,303.909019,403.820456,344.7097902,990.0392868,12.18393788,244.8348954,2802.557074,0,13.8612515,641.8315037,45.31263457,2356.965789,0,357.5211861,302.9020604
Belgium,BEL,2018,47.62160314,5669.182269,207.4418903,2,32194,10550.33212,2096.754168,6804.251844,2004.398686,5111.162188,38.9361991,30782,1228.373604,181.5385862,0,93.13147056,151.5963198,61.88555773,275.7258466,90.16591266,1035.352648,7.995616639,180.2750138,515.6600377,0,697.4278575,86.22138329,269.5527988,2131.892838,0,1436.396061,42.90394361
Belize,BLZ,2018,3.069912829,110.5187745,9.979938046,,424,64.99725976,84.49918078,68.63947644,57.16757417,92.12998631,1.102300908,277,11.02664037,4.249363994,0.23176654,25.68107691,106.0044717,81.15377153,2.16766053,13.5371299,72.26008535,5.004422825,67.45491341,11.44364541,0,11.43052147,0.913294362,11.16891327,27.93869647,0,125.5472647,2.25060699
Benin,BEN,2018,1716.150379,7564.605384,1321.510311,,9221,1160.266099,1291.579249,1982.73152,1269.499835,2629.044306,201.0977529,5434,183.9190854,259.7314514,9432.990549,420.3490346,578.3539708,1809.785445,97.86705952,2889.759848,3092.978012,1133.480353,9626.957471,129.361324,0,6383.252122,116.5962061,1375.010804,693.7123106,12.99999994,1216.139939,109.6341252
Bermuda,BMU,2018,0.317070163,16.74332921,0.242415198,,185,41.52427088,16.27157005,15.90007795,6.985588986,17.22419501,0.030698119,158,6.028101524,0.246997301,0,2.156150811,1.995971784,6.847355344,1.530679693,0.078708648,6.642767107,0.101284903,1.211773712,1.020807896,0,0.42147764,0.168121763,0.34276115,3.124459023,0,20.28080096,0.156138912
Bhutan,BTN,2018,19.54369811,179.7310625,4.956438338,,1156,124.7719788,135.9427566,446.3038852,156.9009459,254.8409337,20.15741937,488,21.7340935,9.832589368,18.28355249,23.16802987,9.638658609,81.33974884,4.354534916,65.26009022,70.33809502,28.51316252,204.6555813,12.69305642,0,132.467027,2.1895458,8.60022146,49.03321707,0,120.6677859,2.688765481
Bolivia,BOL,2018,167.999841,5359.620645,568.7988671,,15275,2650.846513,3165.190656,3121.972766,2215.414757,4077.542619,55.15516317,12195,478.1173167,185.3650914,5.033977053,429.2483002,684.6401546,1167.193614,148.363906,1145.357809,2127.874011,463.7290601,2825.608483,304.3446311,0,555.9781351,67.83489977,641.4932787,668.2485422,0,2902.739936,94.19795503
Bosnia and Herzegovina,BIH,2018,11.73801637,359.5947921,2.029115713,,18107,1990.592139,604.3614357,1310.164147,577.3927986,1135.887604,6.56594156,8950,324.0631163,40.8110369,0,35.31808376,82.78754481,1.535890405,28.55672093,134.6529183,268.6221253,1.972576812,87.24935144,112.5236665,0,8.647879576,3.764757773,6.120283029,311.5860589,0,2293.101339,20.27380647
Botswana,BWA,2018,71.14470578,767.6998355,78.08798024,,2548,323.0651338,264.1592645,509.6385839,187.4301363,437.8330761,7.782055373,1487,35.50823905,63.24871341,5.637665359,45.38614013,182.0012812,4101.619016,26.13302113,444.4797829,298.5742199,40.52496411,435.6281517,25.93957979,0,576.9030969,11.71929011,80.83075196,200.124418,0,668.3372697,22.90364317
Brazil,BRA,2018,2410.873723,84073.16191,6577.683781,0,388268,73418.96966,35350.11651,72745.6788,36269.33837,72555.89194,1077.746828,244969,9151.877463,1684.300349,58.47391547,6398.778036,63825.28855,15405.91557,2234.592174,5612.977933,46281.89288,2053.962633,21265.00402,10837.25859,14.00000009,6562.39921,299.0058268,7197.331951,14145.05085,0,56473.54817,386.9974767
Brunei,BRN,2018,2.793418914,91.37922137,0.30475013,,506,51.49179843,70.26507242,97.23683272,24.51924961,53.46677665,5.057587186,482,10.08476448,6.053205733,0,18.79672361,6.393473729,4.664544621,3.017177325,17.68061058,67.77911896,3.474195483,21.28854569,1.577658495,0,2.597126228,0.813769056,0.891483571,27.43354664,0,167.9381781,1.905352661
Bulgaria,BGR,2018,48.96147632,1548.602005,3.925072845,,65619,5945.338949,1446.605311,3299.200096,2043.045588,3542.792353,24.34539951,18734,831.4726347,109.2567019,0,144.7817,178.210798,54.61601828,80.19899297,114.7106686,719.3049624,11.51748789,170.0089453,103.8528076,0,25.01676662,106.4690976,9.935260278,994.7918881,0,1583.662116,46.78243907
Burkina Faso,BFA,2018,5550.537772,19168.26736,3969.797207,53,19569,1827.761302,2768.951011,2523.180152,2089.518252,5398.824861,376.6989765,11096,309.5253723,739.0031565,30574.52656,1209.92039,2171.937959,2636.82903,136.4477601,7391.083849,3496.856799,1862.527804,15357.97505,262.8703777,1.999999999,12286.09159,96.24737273,4219.155664,1507.396785,99.00000143,2817.150756,333.3166154
Burundi,BDI,2018,1493.342088,7406.638706,2547.728982,20,9011,604.975435,972.1292604,1810.876344,1718.908991,3412.164885,140.8789671,4711,92.67948491,331.2584202,8658.677469,442.6820722,62.32875986,2620.017231,28.33747464,9099.438452,2287.058498,1064.58168,7481.833873,109.8498714,6.000000005,5397.316575,28.39007879,2603.027517,697.5736703,236.9999435,1378.658818,146.2265403
Cambodia,KHM,2018,362.6007182,9865.9566,315.2763193,,24913,2659.47407,1837.909288,4428.835278,9017.617256,11445.71367,608.9230968,12663,405.3331608,255.2256622,1228.268836,1303.8612,384.0917726,1378.308629,56.74703716,2998.235127,3981.309886,425.1857104,4094.418977,194.5125716,0,1669.388135,21.15307601,363.8278545,661.193528,1,2756.124682,92.95728028
Cameroon,CMR,2018,3110.442642,16148.39842,1939.355707,228,22663,2550.461446,3248.617725,5096.262675,4080.347936,7473.625356,380.1554445,14658,455.1913828,562.1617563,22040.51773,881.8514274,728.1854353,22802.71959,547.2980642,8077.382887,4108.180424,2592.444782,13311.453,355.5957456,3.000000001,12644.01919,256.0214154,2030.930841,2171.759737,446.0000253,3597.822255,236.6199322
Canada,CAN,2018,111.231096,9047.951619,269.4734463,6,80838,25219.45091,6087.33071,16133.43494,4844.516847,11283.27031,95.9754729,86229,3861.861589,514.8427653,0,325.3540626,544.3868471,273.752983,2076.305759,134.3472519,2740.57603,30.79653863,965.6683155,1263.111349,4,1508.433077,137.7323812,338.1520173,4616.260472,0,6959.383655,141.1558747
Cape Verde,CPV,2018,16.15175246,233.6236915,5.951362219,,832,164.5884372,64.89220054,93.0058982,86.0580328,135.5762608,5.4974705,539,19.15605673,6.532176369,2.027418529,26.71958321,69.73955888,124.7787925,17.43717207,71.67952011,42.80761688,4.944161561,122.8037555,8.880867331,0,31.75700878,6.965775778,6.818821919,87.10508561,0,83.17033763,3.54007144
Central African Republic,CAF,2018,1029.202659,5021.424595,1349.411794,601,7278,278.0342566,654.8642431,1323.364141,698.6788566,1639.399059,113.1541588,2695,48.37370723,177.2502473,3849.225757,495.31821,355.7706214,5319.447328,39.84263141,6728.094154,3494.799636,770.3902749,4770.036229,65.08009236,0,5983.077063,45.63158251,1382.056315,517.9293069,1879.005967,960.3954052,75.34626488
Chad,TCD,2018,4231.756757,19421.1496,4212.768679,62,13094,1174.427611,1568.085146,2538.47152,2040.320877,4210.891525,369.3320538,6620,209.6193098,549.41413,7679.412521,979.7375077,876.3737806,4925.931019,87.33804419,6648.937084,2602.243826,2745.376482,17167.21151,110.4018413,0,24902.7969,204.7194517,4335.826351,791.2539549,296.9999732,1441.116355,200.3046712
Chile,CHL,2018,128.3430637,4588.013154,416.4758566,0,29906,8340.453342,4225.064882,6140.571288,4980.294946,7955.38881,32.64600129,30116,1271.625612,361.5759245,0,401.8874941,799.1509275,504.5455387,129.4299763,463.886482,2280.88492,55.74396416,715.6573933,671.3912332,28,398.3143115,48.53345473,443.7984756,2061.401084,0,3331.470455,58.76097924
China,CHN,2018,7416.024641,179389.9027,8066.488837,16,4377972,490209.6446,175890.7274,1009685.293,153769.4617,283661.601,9518.787581,2606907,74201.69524,10835.5213,104.8561959,63780.6594,14535.57654,34799.67076,22445.15813,39278.21422,261802.2814,2240.511022,54061.3423,21011.76591,574.9999998,6531.666277,4882.66597,10682.76808,128586.3134,0,153184.5453,27125.26287
Colombia,COL,2018,496.3442414,7850.556622,1114.920584,84,68023,15050.08712,8501.60881,15303.40668,3886.208117,10846.83526,64.55093973,46576,1812.861048,216.611126,37.46162567,1152.082462,15053.29734,2636.558772,237.1595794,945.6391692,7437.415649,427.1816161,4914.848752,120.1938175,350.0000031,862.7768418,17.6914632,1153.113293,2915.318955,0,6154.763761,91.62388833
Comoros,COM,2018,69.33248422,383.6670929,50.82940068,,982,107.7985613,104.3317247,143.9748817,87.69424721,234.6800982,11.00308697,565,14.79348128,19.40340272,1.044960565,18.41355821,54.74717256,1.62826982,3.603531481,305.4467729,112.9672906,30.94688901,286.4912723,8.266075888,0,272.1083767,2.728349339,53.29238843,43.55970566,0,150.8524158,8.464383891
Congo,COG,2018,411.5512392,2308.00894,328.4673312,,6527,488.3665381,670.7770916,1080.880084,1014.046688,1614.80019,57.60440358,3275,75.91157084,114.7775609,2244.00494,247.0761983,253.0316232,5571.169977,70.76420302,2278.639768,1228.549659,521.5726733,1716.984465,72.19756115,0,2107.445886,27.51782254,341.5341415,462.6139786,24.99999949,1033.992577,45.67764618
Costa Rica,CRI,2018,39.2801322,521.0686223,16.80499396,,6852,1457.822971,1265.15438,1331.204239,840.3972265,1545.832506,23.62943747,5717,210.9395161,42.11335352,0,152.2119054,484.159014,153.2197421,49.22386674,57.78932984,782.322624,19.77902461,259.9833669,114.1669972,19.00000006,103.3094458,3.805398079,18.80359345,395.4473702,0,408.1137461,14.15006778
Cote d'Ivoire,CIV,2018,3385.737729,16655.2343,2475.029185,3,25093,1920.886174,2834.286986,3654.795977,3510.537081,6604.053192,419.8808383,10068,356.3996604,742.2611165,16251.11958,1042.468789,2366.391746,18818.91957,303.6969474,8412.1741,3630.973386,2631.372945,19879.34779,306.7927671,15.00000003,11384.20124,318.6143705,2579.76303,1915.872045,24.00000011,2827.06998,257.3372903
Croatia,HRV,2018,17.32650405,562.0872599,0.611703876,,23426,3369.42866,828.6556854,1890.354267,1095.267062,2104.831433,1.654532,13549,462.5126169,45.85072099,0,82.94862593,47.739175,9.001516908,74.54803239,54.82809342,379.1420941,2.13980614,72.02577779,253.9130346,0,30.52824694,24.99637827,3.007478071,707.5199104,0,999.4767657,19.43827571
Cuba,CUB,2018,99.91877592,5678.313884,42.41742274,,37598,6988.417119,2339.86829,4405.86972,1868.808153,3969.376872,11.03249172,26203,863.1073693,109.5506699,0,309.2545789,688.7819594,361.2905119,76.64939433,43.34280824,1120.757034,53.12598413,184.904184,703.6329456,10.00000002,276.6966188,72.81157875,60.26215627,1790.831584,0,1769.401001,36.06064077
Cyprus,CYP,2018,2.428912594,177.3907916,5.589517357,,2705,482.7784251,255.5850005,474.3243469,122.8941636,288.1226542,2.709462342,2058,80.95052169,12.22381819,0,25.17078104,20.36562869,1.857215993,16.98466873,4.140897402,151.5209111,0.882190064,18.15118869,9.498646622,0,23.43544879,6.722456279,6.622348664,70.51336577,0,400.8494321,2.807513464
Czech Republic,CZE,2018,43.32193616,3222.480544,60.53026531,0,48960,7580.866218,1257.172016,3863.850155,2174.963883,4519.911562,17.38643972,28927,946.0191663,147.0801879,0,193.4270262,121.1051521,23.73963946,140.093077,53.96084802,853.3223513,5.602344251,118.8967386,445.7147609,0,258.2726184,149.5150461,79.90191407,1516.689193,0,2958.008605,83.01238661
Democratic Republic of Congo,COD,2018,10031.51532,58587.28432,12735.50923,596,83261,5824.667004,8021.513179,16528.89584,12752.83078,24612.20339,1431.500343,33983,810.8770426,2093.213528,81226.47666,5877.619937,2462.998276,16414.23104,549.7699377,53303.85993,20501.50917,10166.27547,53949.8072,746.3938268,530.0000038,36659.65455,449.8582693,13059.48483,5429.778151,2790.999446,10779.47103,986.6298882
Denmark,DNK,2018,34.40263823,2376.916738,33.99396643,,14525,4476.553294,968.1588444,4319.449474,947.1765174,2529.591166,6.746764301,17404,551.1096256,98.89458702,0,34.2825494,46.30024555,26.92572326,244.2198205,28.99228608,282.6655126,2.183224244,105.3884559,807.3614731,0,331.246434,28.95283952,65.70172842,694.7792359,0,1294.199638,12.22822016
Djibouti,DJI,2018,96.16034385,457.5882394,91.31739814,0,1081,88.54132595,139.0117786,145.3094676,143.1333881,263.5889406,13.77998211,740,14.03684372,25.80629966,1.744510271,28.33856575,85.66022728,723.5823113,6.573056526,399.5280552,174.8273088,130.744427,340.4519451,13.9498964,0,250.1157784,2.822846788,94.0695232,60.9405378,0.999999997,197.1423584,11.32861736
Dominica,DMA,2018,0.90246129,31.65289204,1.487278321,,223,33.8012546,32.98428265,22.3894752,9.863011065,23.32966324,0.155376571,158,5.263162746,1.532901833,0,4.286056901,8.068385806,5.027163226,1.011963885,2.31204223,11.55080635,1.228436718,13.46533296,4.802797386,0,1.635174962,0.559920498,2.26377473,3.533066018,0,46.44572953,1.000467107
Dominican Republic,DOM,2018,222.7706242,2344.928247,142.1253204,2,23983,3001.252726,2308.412288,1705.234309,1611.903524,2499.916555,112.652506,9947,431.6164928,132.4818226,1.875231974,292.7073735,2347.263101,2561.684757,120.7115182,524.0415767,3151.82654,236.9451093,3139.495462,163.4534714,0,408.529824,51.34179626,158.0469837,925.5441186,0,2387.572725,37.32336305
Ecuador,ECU,2018,151.094034,5149.096206,544.9354162,0,19679,4970.626294,5738.849899,3386.961373,3456.605276,6155.251037,45.00976998,16097,690.8264216,215.6333845,6.796433622,645.2599088,2315.790609,1093.059483,214.6326923,665.5919252,4464.523039,240.1507198,1937.041467,427.9669798,0,367.587926,58.72266889,634.0097073,1561.758131,0,4388.627762,104.0874209
Egypt,EGY,2018,955.822419,23097.09926,812.1318087,877,232675,9851.870014,13115.03797,19990.46365,44692.44261,50100.6199,976.2426515,48024,1876.072649,2002.416985,0,1570.333365,644.3443851,64.8141545,111.0080301,1016.056306,26945.53571,1316.444964,9413.267723,201.7167355,0,7349.13579,62.14122733,856.7131219,4755.741466,1188.999833,13836.30348,257.0226635
El Salvador,SLV,2018,94.73120955,2525.661422,238.5400624,,9845,2478.947935,4106.588681,1333.282812,1479.662515,2301.891907,15.11586773,5638,301.8870056,49.88543273,0.498229674,258.7918627,3450.702108,727.9515997,61.69917956,89.71296447,1281.856024,43.25643131,514.1035967,945.4734907,0,318.9222836,4.741530251,239.9441906,612.8313966,0,2150.708076,14.59987577
Equatorial Guinea,GNQ,2018,70.01749555,369.1026389,49.90638162,,709,97.53301154,133.9977837,142.39301,148.9781875,264.8981154,7.138398051,519,12.14275039,19.96466365,902.3589752,49.81458096,44.99170837,1752.589431,10.34802213,214.4689162,224.9016457,71.62022281,464.8486579,11.5953046,0,202.046742,3.140720019,51.36694705,66.14299424,0,175.7398992,7.245674281
Eritrea,ERI,2018,927.1892495,3737.066299,1117.37119,,5211,387.899066,640.6338015,1002.514959,1112.135794,2104.072381,123.9495666,3968,60.90069721,175.5214009,9.585015818,241.492524,663.4807762,1520.524088,45.37341809,5071.573307,1286.501487,766.0748487,3012.983533,99.32831716,0,3723.39589,26.37484228,1147.09077,560.6190332,0,905.6397113,82.09145232
Estonia,EST,2018,6.443588399,216.7496843,0.756835495,,7744,1118.358048,268.4817404,292.9734554,292.2186427,601.8648223,0.686116166,3461,120.2199215,56.91421534,0,47.79747971,59.19792804,37.18337477,93.93531757,26.32768695,90.10916349,0.459672763,12.25918711,216.5812582,0,2.561782264,52.01881274,1.561231703,219.5569005,0,120.7943486,8.17039688
Ethiopia,ETH,2018,12539.59043,47564.01103,12350.07331,67,58719,7749.218558,9082.516801,11261.80522,16068.94096,27760.37614,1646.790175,42795,1040.075163,2013.353876,2783.526281,2991.271085,6973.421849,17180.8649,275.845303,35598.27877,9741.876125,7450.546485,68898.7531,791.7080358,115.0000014,58104.58596,845.9148376,12681.27577,5106.071516,1061.000202,11049.22588,1094.226577
Fiji,FJI,2018,22.00197756,312.0492296,15.08758003,,2553,133.2685664,277.5893848,378.1506323,65.66527926,169.0392732,7.14691798,739,23.70107596,31.15887179,0,64.48036564,36.23042544,10.3939541,4.323549357,32.92959119,84.43154865,11.80623271,174.5932653,1.93872529,0,86.14027094,3.294056127,15.72169221,85.44122599,0,1578.421485,4.442956172
Finland,FIN,2018,18.77793941,713.2655399,3.93126801,2,21359,8545.831386,569.3733631,1783.786875,1177.543606,2416.306105,2.310270185,13089,681.6441183,73.44977048,0,116.3885155,87.25687484,6.482667213,288.7639004,57.26463768,289.2967441,2.013616528,45.94083272,598.4975202,0,47.50447686,103.7495125,11.79984415,868.2429676,0,390.1457814,17.82626249
France,FRA,2018,261.508532,20732.38891,2761.588213,7,155683,70567.33723,9279.433246,20916.52118,10621.08563,27349.86283,83.06637827,182241,7686.458813,1210.682304,0,1042.017582,545.0259355,491.2097722,1971.336813,1009.69259,4052.97841,52.4196975,1233.43964,3627.050004,1,1205.318397,689.872274,3014.693171,11067.42792,0,10578.62874,262.8358774
Gabon,GAB,2018,106.2540005,755.6487074,75.21396799,0,2230,264.2606666,296.384308,292.4736731,421.4412996,600.9923859,15.99534038,1240,35.08555074,35.28321142,704.829651,70.90238731,81.00269404,643.7168049,25.15419325,569.4004538,434.5566883,81.69042943,630.1705036,27.22702985,0,351.2065409,8.147025352,78.7198846,158.145742,0,446.8993533,13.90369016
Gambia,GMB,2018,283.5378843,1235.327275,214.9000199,,2686,267.5595706,243.2509725,402.420174,284.4389659,563.8558298,35.46444928,1090,46.84376555,48.49326926,134.5857094,68.05124211,26.48320742,882.6932724,24.91692479,604.3443987,286.1661484,312.3263699,1215.973501,20.60769288,0,616.079638,20.22187493,223.6325341,119.2371342,3.000000016,293.04559,20.11485116
Georgia,GEO,2018,30.93534192,766.6589363,3.68557721,0,29989,2291.311623,784.7225134,1776.263165,1381.133683,1938.403355,33.70111905,7926,331.6528678,178.2459101,0,135.6508768,141.6486855,34.39016736,76.26420439,159.5519614,724.1092344,19.12100682,332.1080141,67.11566973,0,18.95269786,47.78375509,11.66032002,345.2124847,0,1209.540343,35.14195801
Germany,DEU,2018,268.3063424,25236.76791,289.6205297,1,356362,83782.46604,26754.08826,46374.65282,19557.63674,44734.71609,200.9285914,252763,12715.73608,776.9385004,0,552.6788563,668.2060002,464.5451554,2018.592834,463.5850809,4715.984018,56.36127012,1275.943743,6502.836845,0,3810.476262,309.4486675,455.5055661,12214.64435,0,19133.40515,129.4513314
Ghana,GHA,2018,4295.831898,17760.55377,2287.829372,,36615,2765.606701,3571.790093,4394.133563,4003.997589,8540.908277,609.6618922,17559,460.9863509,638.942194,18757.48597,790.4050958,902.3158906,13877.6961,562.3777294,9142.172982,5380.683883,1105.69892,16950.73336,400.2142768,19.00000004,7309.444967,258.5708494,2410.304921,1907.766709,48.99999986,5257.062204,299.2495826
Greece,GRC,2018,44.04184284,4268.945592,2.246008818,0,50895,11488.94999,3581.580572,6068.800571,1307.961401,3579.384556,83.44167773,31245,1459.712859,142.0303776,0,358.9625904,130.1488667,29.57450181,197.4605958,149.3672396,1221.231242,8.1773633,153.7608341,40.58847483,24.00000015,35.14017306,31.98325777,7.659512691,517.5165387,0,1131.627034,24.79069121
Greenland,GRL,2018,1.379135371,13.76292444,0.51920425,,112,18.76753251,4.495867349,28.04002323,6.902936584,21.07105986,0.062637697,141,3.292941937,2.354850242,0,3.6679136,4.541865345,1.651464742,0.983081149,2.794192238,2.404754078,0.12267732,4.874808234,8.9855678,0,1.264914082,1.757545693,0.706633616,32.35188924,0,4.691330928,0.703625213
Grenada,GRD,2018,0.852080191,83.26470086,3.835353728,,411,50.55778586,50.52834441,30.34385158,18.65005076,41.364704,0.429806471,228,8.703572664,2.905118844,0,7.263062632,5.869929413,6.14760484,1.624116842,0.733559391,11.61898997,1.505134093,9.793754037,3.995431367,0,1.666871022,0.479765458,4.175370727,6.118938906,0,95.41604474,0.590835854
Guam,GUM,2018,1.663941935,50.73247045,2.977979371,,518,46.80110386,59.78630745,56.19331449,34.49145255,48.31712475,0.980159731,234,7.15306098,1.122561887,0,8.055662634,8.098656342,4.290493019,1.698406926,2.984486095,22.76831123,1.455860504,19.94960301,2.128071657,0,1.428599236,0.610942156,3.022950028,34.56959405,0,48.56739419,0.647193924
Guatemala,GTM,2018,364.2963937,9695.463076,1917.195982,,15009,2156.482636,5064.886666,1994.830594,4623.294892,7300.30988,47.35747126,11034,354.0984225,262.7766563,13.36186663,774.366314,6193.177777,700.4099139,356.4496249,408.1677324,2691.697827,477.5679952,3675.151638,1689.802203,19.00000001,2957.059412,77.17562138,2046.933866,959.2476484,0,5531.02229,244.788542
Guinea,GIN,2018,2489.246286,12032.99244,2308.199342,,16151,1595.504896,1598.059117,2898.266908,1688.576971,3130.948664,258.4768322,8125,271.721418,363.4010187,11355.46062,597.6081777,747.1528323,2988.840766,112.890817,5916.906958,1978.267283,1961.192655,10011.54496,115.6582861,0,5287.461297,159.2001545,2413.454012,746.2683887,28.00000013,1679.043724,145.1153638
Guinea-Bissau,GNB,2018,322.0465821,1149.217842,197.8657216,,2222,138.9169499,260.1640719,369.5224855,290.3426112,527.5978149,46.46366456,989,23.94159149,48.35849353,234.7712454,91.00177163,151.1002852,1440.277252,22.35248333,861.1124171,388.2298672,136.5571939,1645.90362,18.92075479,0,1333.02642,26.13788613,208.9140466,140.606821,0,253.4381575,20.4054169
Guyana,GUY,2018,7.734597597,248.487717,34.88651159,,2034,133.9463296,180.8319422,112.8197581,173.6669984,280.8370689,5.43021414,621,21.31744784,13.40304016,12.17424508,54.68396052,126.7411261,195.8540698,10.9834324,48.37233044,117.5284304,19.25157396,194.1550249,39.17656047,0,45.19035959,8.489038675,40.06957914,189.4372835,0,424.6896578,3.523478703
Haiti,HTI,2018,856.8807654,6003.045545,590.8530455,,23978,1281.851587,2083.089025,3134.360779,1656.331238,3619.115787,94.6991908,10065,272.0610413,323.1563268,9.49296408,908.4019108,2189.977683,3850.051488,75.38463307,1021.085436,4487.432144,1036.106941,4793.4683,301.7518915,30.99999982,3702.873656,89.2926688,647.1608116,835.9452695,0,4003.190443,102.4242866
Honduras,HND,2018,110.1467275,967.3656154,150.6509714,2,13117,2408.427404,744.1914356,2056.156205,2388.379111,4449.072502,69.43801478,5431,333.9119946,45.73585062,34.82468732,306.2496373,4154.0336,62.87266483,142.9814054,426.0814937,1294.354793,274.4157245,1464.134168,374.5137505,13.00000001,1228.894813,9.588359549,212.9769207,351.9469674,0,977.0058363,96.06870198
Hungary,HUN,2018,55.95473105,1016.143032,9.31167018,,57212,7064.492908,1553.065602,5457.343945,3227.806782,5879.110645,9.565138526,32138,888.4411955,130.4198116,0,129.6724685,158.3744511,39.80637314,61.08059509,67.72108815,789.0894868,10.41147361,183.0901694,509.4006273,0,250.3134812,195.6874028,24.56546366,2025.491086,0,2063.351302,54.82184348
Iceland,ISL,2018,1.583876415,95.1063824,1.187965365,,738,236.1269472,26.70932767,113.9539737,19.05221208,64.74857391,0.151421891,652,38.8730506,3.139964596,0,3.56222895,2.456793684,0.851398562,13.18915783,1.527751591,14.30190743,0.049157047,2.781930855,10.43352683,0.999999905,5.743350276,1.741567976,1.664420026,39.90149944,0,22.18615365,1.158921026
India,IND,2018,50051.50219,507363.6534,24541.78651,465,2632780,180053.0182,223820.8033,1271687.476,217895.5571,419545.0963,67273.22841,929500,40589.57087,27026.98569,49712.34369,60198.63517,41849.6978,52105.68342,11154.80889,449794.3814,218876.1248,39427.82047,428672.0596,28825.56267,1979.023023,719083.2094,14727.65004,43149.89432,210869.071,766.0000036,254555.2471,5094.612336
Indonesia,IDN,2018,5438.71707,43764.32339,11662.06148,20,597995,47868.88481,35445.60755,96316.04991,82144.52753,121488.489,5719.165768,198835,7100.369916,1758.67853,6520.337892,5726.774255,2526.709212,6774.260341,801.6824323,82218.57954,35625.68886,6627.300635,39215.28294,773.555162,105,68636.3066,125.5279585,12316.08059,7912.480664,23.99999982,97005.48825,1107.045437
Iran,IRN,2018,736.216112,9314.907148,154.1325212,39,161330,21435.4632,10162.66353,14947.9936,5399.927708,9907.084905,865.0146882,60600,2671.858292,1940.498831,10.01413155,1043.727526,1917.094306,791.7835758,3389.219619,804.0874952,21123.76476,298.0274739,9552.987712,282.5371041,844.9308779,817.6087163,76.26548162,201.8215802,4771.443608,93.99999948,16033.24952,981.9570016
Iraq,IRQ,2018,876.6761854,3628.440775,133.2688186,6476,43072,3599.759714,4706.080023,2131.786487,1185.074189,2006.992903,133.9670378,13780,474.901431,428.6880336,0,575.0471837,2453.607843,115.7037692,523.5469494,702.4378525,3772.743991,274.8088863,12277.64598,76.17403461,9.999999997,676.3934404,103.0970507,147.1068968,1513.396385,33240.11405,4281.418969,125.5370235
Ireland,IRL,2018,13.06845657,1371.932621,4.440991419,0,9681,2698.251777,579.0373416,2225.93887,392.5443445,1144.509391,7.289523996,9581,344.7265654,41.3073592,0,44.70030652,32.93730074,9.787208014,178.5590655,32.31315366,187.6356935,2.550980513,85.03317935,99.59987278,0,37.9238595,11.0706713,8.972685936,452.8745961,0,419.5233901,10.61926317
Israel,ISR,2018,35.91092268,2275.921656,26.5372514,3,11849,4657.719654,2242.473371,1812.251608,707.3132073,1807.963021,11.37058117,12966,567.6372184,77.65089169,0,53.0029407,186.8613934,41.43986284,70.20176304,26.47408085,631.6763494,9.404217239,240.7156124,58.65508387,0,274.5106644,32.0606654,37.5630216,542.331026,20.9999997,2140.841699,11.82769982
Italy,ITA,2018,181.7689287,13166.67675,214.6949079,0,216585,73338.88733,14291.95717,29044.27525,11695.33654,26403.20805,310.5418951,180577,7556.825804,907.0488555,0,436.6796243,469.1130985,660.5651737,689.7185244,385.8830291,5709.539735,16.77218441,723.201852,437.5593312,42.00000002,770.869623,421.2963134,405.6980078,4337.24508,0,18551.19303,124.9411246
Jamaica,JAM,2018,29.02038911,503.233041,55.24482877,0,6279,1252.862133,809.6527769,694.9345773,191.9782744,504.0466431,7.247825935,3975,150.8800414,34.5631156,0,31.97444324,887.4157189,439.5076098,16.65740111,14.96651962,276.9388299,28.04175022,432.4154785,15.5013429,0,31.51352601,5.414264344,61.16753482,108.332301,0,2515.76903,8.118663561
Japan,JPN,2018,455.1662633,109534.1081,867.8927424,,368091,198556.0455,35708.53933,53738.77211,25351.93452,56333.86749,494.5363195,414698,15612.7576,1923.045171,0,7371.492916,713.4596517,206.7978907,729.2489202,3870.258569,7680.893641,46.42441811,556.7302749,954.6182482,50.99999999,3084.432364,1770.522976,1238.028966,28818.536,3.999999949,7461.734159,463.815713
Jordan,JOR,2018,65.59244505,1013.625084,7.189101188,4,9018,1298.830442,1281.097459,729.9303101,444.7669946,821.7267015,27.46409365,4502,159.6286444,131.8682159,0,107.898816,277.4789761,22.92850259,88.09345554,46.05598176,1110.059359,51.69953202,2023.413033,20.99989711,0,58.00505404,14.23001386,9.082850485,304.3160193,34.99999963,1516.115855,66.5372621
Kazakhstan,KAZ,2018,214.7595765,3623.798859,59.90218731,,67339,4480.965772,1485.330948,5614.610894,6848.518119,9114.560355,42.10424047,18400,624.1264902,433.9436206,0,923.4911534,1523.403261,258.1846063,788.1702324,875.9636099,2766.88545,53.32321199,2047.260325,1670.999526,0,85.99526513,795.3336222,87.95365287,4262.698498,0,1175.783471,469.0197185
Kenya,KEN,2018,5403.038475,23268.42187,4366.874582,126,35993,4146.324858,4687.314177,6870.903604,10398.41168,18893.15578,1036.403653,21373,553.8632283,1003.062687,4708.224368,1106.221788,4372.330984,48502.49609,149.1744161,14880.82478,5502.843551,3990.42412,16978.27096,536.9381645,25.99999857,20835.3619,106.9499376,4490.64689,3058.405513,390.9993271,6143.42806,609.9015109
Kiribati,KIR,2018,13.65036405,40.92385015,16.2699905,,270,18.57753615,27.53420921,62.7905571,18.04778975,43.92023888,1.528742999,93,2.783687476,0.869754642,0,6.127541982,2.047319227,0.490077923,0.608662995,53.5041876,12.05963761,8.194627649,57.3224951,0.42251952,0,33.12169946,0.370385269,16.75892097,29.76314585,0,120.533139,2.265482604
Kosovo,OWID_KOS,2018,,,,0,,,,,,,,,,,,,,,,,,,,,,,,,,,,
Kuwait,KWT,2018,12.99418838,572.9302477,0.36805066,,3094,324.4236007,176.8677967,166.320199,158.7990614,262.1616215,7.122697053,1233,45.18946491,32.09883389,0,24.09552681,38.5138581,5.418508184,25.98150958,23.24306247,528.9810484,6.595984424,173.3604064,9.375840538,0,6.743629502,3.457991577,0.692853644,129.9529401,0,217.1699896,17.55263647
Kyrgyzstan,KGZ,2018,54.45971834,853.8695711,8.321521259,0,16557,823.9556341,451.1395554,1392.769206,2158.980479,2495.041806,35.36105616,3709,118.7090162,95.77138041,0,284.9655455,268.1648533,186.5394991,129.1201926,456.6192659,884.4160461,59.47846135,1841.997645,384.729716,23.99999994,135.8602615,106.8628792,16.84306929,594.3568008,0,265.0587336,78.59998478
Laos,LAO,2018,369.1226981,3755.902443,181.3875493,1,13145,886.4917598,1045.941096,2605.261674,1595.232577,2539.830119,88.61066252,4735,139.2155957,136.0103546,12.95641807,480.8483388,224.4907352,526.3224903,30.85079396,1550.533739,1690.217977,314.81098,3542.33184,96.83493285,0,1581.655889,10.57631518,206.308801,539.9191505,2.000000005,1267.722247,43.00627068
Latvia,LVA,2018,11.21979081,379.3643099,1.032672966,0,15463,1739.980756,258.6465114,433.5485742,434.2952981,997.6228825,3.636137843,5621,197.0988891,119.9834962,0,141.8499767,133.5545209,126.4496125,54.67324122,59.9590153,211.9338958,2.696006731,33.46984363,294.0960191,0,4.938556395,118.303123,7.227374405,437.9913757,0,320.1605324,22.85294329
Lebanon,LBN,2018,53.46555508,739.1375688,10.23534574,17,14094,1865.564203,594.4323419,1175.43288,518.6540198,833.2276527,49.96766758,7703,212.6937738,112.3526445,0,88.19528587,380.355674,112.5039772,340.1696029,35.81090841,562.2639591,38.71086867,557.4510032,24.3576458,0,79.2162587,5.377602313,12.91301845,405.623204,386.0000491,1614.332923,55.09212126
Lesotho,LSO,2018,173.0637125,1573.242437,165.7869341,,4007,310.7545852,416.5966221,1046.347951,208.8926382,584.9329787,19.51155104,1798,37.03875295,108.1949213,0,111.8761973,795.847709,6331.119308,37.77342999,1932.087235,802.5566549,144.0598329,866.3738994,35.52040133,0,1225.087448,25.5818205,172.2995699,511.6625754,4.000000053,1114.209849,38.03675517
Liberia,LBR,2018,621.6224109,2316.948388,441.9608834,0,4414,435.9453142,516.9281923,554.3369836,732.5544695,1231.916776,85.04185711,2118,65.76789951,87.29094393,2810.037991,132.0920439,98.51801733,1840.255362,43.71305508,1494.630027,498.9436843,704.901361,2442.033451,47.81465638,0,2503.45275,40.20340313,465.4510772,339.4093457,3.999999976,530.2511984,39.70794617
Libya,LBY,2018,70.59171647,842.0966771,13.14751882,289,13334,1508.067473,1181.290912,1205.420933,568.0300344,878.446986,70.95247854,5586,213.436666,135.1798873,0,124.5535465,164.6953959,103.283567,561.3965105,72.27312595,1701.279929,50.80685705,434.7187677,39.27455269,0,65.31743419,8.810682383,16.57579696,578.4156787,1525.000078,1404.877163,75.24201122
Lithuania,LTU,2018,19.5413918,704.4385428,1.484675818,,22251,1997.473762,252.6546897,781.7328188,942.0361201,2024.043967,4.025511005,8075,280.9310304,77.79742011,0,214.2192684,171.4425275,66.99807246,128.0127118,185.5599941,324.8702122,2.707139053,40.48790564,359.1013693,0,12.06174837,231.1688237,4.385950093,1032.718759,0,217.6338243,99.12937535
Luxembourg,LUX,2018,1.429336424,146.2916197,4.490251443,,1397,439.9575383,84.58980051,236.7250284,99.20003332,227.1298025,0.937790987,1306,60.82161579,4.782198499,0,3.344658562,6.230084694,2.407420474,19.77499976,1.880617417,37.50948451,0.461089664,5.530980491,26.12666443,0,15.66858996,1.884190348,5.321831901,68.93790086,0,63.51917316,1.179947283
Macedonia,MKD,2018,7.564611921,146.9990942,0.472145351,0,10518,847.7635193,308.6290191,533.6022377,235.2139614,465.0475387,2.811752079,4378,140.6208894,14.92296211,0,26.05558271,39.43359561,1.660123296,11.53169579,32.14149108,160.5494436,2.120127974,126.8478358,20.89179988,0,7.161613035,9.756519509,0.964540231,191.3921561,0,745.4753104,8.795479833
Madagascar,MDG,2018,3284.323485,19853.57786,11452.81433,,34526,1420.625679,2078.258725,6402.332713,2939.197659,6016.877787,334.6813334,11740,205.3233333,682.1179537,5799.110643,833.3769321,393.1540699,2534.946874,74.84450093,4052.423197,3475.192972,2616.651799,17583.95101,228.9020091,81.00000021,23378.29234,70.41297376,11668.53156,1590.273682,172.0000144,2947.145648,280.2613899
Malawi,MWI,2018,2408.685565,9425.692487,2043.733529,0,15006,1897.146325,1936.709293,2560.388166,2639.69709,5615.826676,379.4113923,10093,243.3377164,417.5406609,6883.872205,576.1804019,292.6610519,21935.14535,70.50962608,7224.686583,2227.06017,1051.824921,11081.85976,219.5973634,0,7060.623215,49.61179467,2100.162097,1187.450328,11.99999995,2642.334603,179.6112528
Malaysia,MYS,2018,452.6775586,23692.31985,57.51607158,4,57288,5886.653846,4730.785973,5769.778726,3082.267194,7061.273951,292.1231476,27057,880.6125617,388.6078619,10.43789574,875.291066,602.6613193,1579.199567,415.3128822,1281.14788,6946.479274,288.7894077,1305.345607,440.2618789,9.000000007,672.214823,14.35012443,65.69508014,2280.854587,0,1842.681458,226.9715387
Maldives,MDV,2018,1.225581622,27.8191658,2.903721545,1,422,68.00829727,68.1414391,102.1857892,18.06368212,30.87096621,1.235787359,163,8.265881812,4.105439323,0,14.16651029,4.012394784,0.755168577,2.652349313,7.973631586,32.98374331,5.40375203,28.02324845,1.088824582,0,3.424020657,0.187739772,4.720358581,15.12954456,0,35.99150451,0.324492872
Mali,MLI,2018,5727.560738,11585.84386,6478.288996,361,18035,1654.032308,2144.166419,4736.348608,1783.984649,4792.86658,649.0267316,10410,280.5073864,775.2139025,25080.47111,1522.762407,1061.46199,5806.519961,85.33161605,3522.888155,3109.035566,2558.900494,26640.29099,115.2366314,0,15386.28719,230.8983367,6685.80585,724.2008494,869.9999616,2059.067271,292.2189074
Malta,MLT,2018,1.797043113,173.360292,0.565425005,1,1569,330.8365766,94.49682168,171.6971835,43.7054442,127.3850393,0.692138511,1042,53.70794735,2.616805215,0,4.726216368,5.291090938,1.625886936,7.956520894,1.233906306,17.25323418,0.495825862,11.48705889,4.292345687,0,2.770231558,1.541531691,1.126851647,26.64015216,0,117.2112327,0.67054294
Marshall Islands,MHL,2018,1.572735631,20.25206689,1.449790111,,153,6.146280265,19.50130974,23.84758143,8.890192332,15.44921574,0.97459969,50,1.27315492,1.012766921,0,5.990131538,3.533506869,2.713310256,0.598740948,4.621145347,12.07685617,2.940590814,11.55320774,0.682134407,0,1.603777516,0.863953954,1.522457488,11.88074512,0,28.47266474,0.663425939
Mauritania,MRT,2018,322.7460455,1894.866523,209.3249793,,3924,559.0579554,460.0119133,599.7427127,425.5051044,899.8595959,44.87861345,2309,87.81850603,67.76852188,271.102145,87.34597492,148.6732297,19.60169793,38.00943945,542.182631,674.4634683,509.0402292,1998.380681,30.88556604,18.00000009,1489.806684,31.37457463,219.9639554,157.6705525,2.000000006,541.2689568,28.5762524
Mauritius,MUS,2018,8.948408061,307.0365833,13.03235845,,3310,454.2133276,1070.492078,497.6562811,238.2248711,363.870054,8.397089347,1394,60.17462489,27.39004834,0,46.10326499,32.50726984,95.80595653,17.65497709,14.82743085,164.7064376,6.758820369,92.03711443,77.7736095,0,27.01490926,0.659520744,13.71359946,117.6450398,0,1728.617137,3.723386696
Mexico,MEX,2018,759.7249101,21838.35585,5485.20085,23,161783,32865.39352,65032.6867,34315.87275,40508.90025,62517.12077,705.5454494,97282,4564.665237,1322.496287,1.51974977,3302.838451,43160.18399,5575.206657,1363.437818,2619.276303,20169.84411,1119.55269,11536.90194,4943.329961,528.0000033,4593.693184,282.733981,6198.598158,7634.621931,0,64067.06113,712.469488
Micronesia ,FSM,2018,2.166061651,31.50835749,2.507487113,,265,17.70484779,38.67921598,43.12335959,14.05335107,26.16208467,1.029714033,89,2.728631951,1.474280643,0,8.559378905,5.842975131,30.41759266,0.840486682,6.855276999,16.27649561,3.210876757,15.50202399,1.015161918,0,2.844149981,1.063133165,2.646847486,16.95262578,0,68.16864632,1.077065798
Moldova,MDA,2018,27.07508091,949.1318923,0.935832607,,23194,1340.165381,207.4041158,916.2659779,3094.017935,3862.62942,3.865770239,6307,173.1796178,118.855748,0,208.2191858,224.5556229,173.3920239,59.21639136,240.3319161,441.8427202,6.596376522,215.7758026,484.7018658,0,9.194655106,217.980426,2.007230635,649.5012957,0,266.6125351,191.0029101
Mongolia,MNG,2018,31.30218142,660.1587663,2.201721668,,7770,290.2669499,328.444606,345.9712282,1374.369607,1835.249819,19.85408636,4811,46.08331378,100.9714049,0,142.6997338,272.5121755,19.88732681,40.12991559,367.3539399,546.11611,32.3638124,941.0068684,486.7830337,17.00000003,30.06821445,222.8059007,11.48159078,524.7622094,0,98.71419063,88.091858
Montenegro,MNE,2018,1.489661269,67.74575032,0.665351486,,3737,354.274421,126.6194216,85.81922705,48.99519677,156.4230816,1.820904811,1401,52.03101908,8.645146415,0,5.951863272,22.12046815,1.358379731,16.56905195,4.655279864,57.00667233,0.508773518,16.44885728,12.15514124,0,0.682562853,0.648714786,0.995374881,76.64360896,0,162.1370961,4.626533353
Morocco,MAR,2018,715.6990531,5845.59128,86.05937385,,115124,9342.935567,4543.652453,7679.80014,3298.015271,5931.750222,416.1090025,24505,1260.769646,850.7342561,0,626.2136375,409.9523396,602.4715798,663.8750728,4882.781681,7263.557465,805.3196704,5595.514372,129.7078259,0,1022.392978,62.57202528,109.578743,2574.463273,2,8062.254703,395.0883209
Mozambique,MOZ,2018,3291.009024,13894.9753,2428.592433,22,29833,2257.68613,2582.428277,3882.239615,2380.049998,7117.577268,687.9159578,15826,319.281631,898.6018746,18422.95443,1168.040193,1905.197607,62135.38746,277.2848443,19234.00536,5077.563645,2089.722287,19374.50235,495.5558302,7.000000001,10689.01146,37.91040801,2552.629404,2721.816244,172.0000107,4373.037067,406.8513588
Myanmar,MMR,2018,1668.448466,22581.63803,1046.987495,218,77463,14444.55996,12025.87217,55534.59434,23171.37169,28410.71896,428.0183903,60066,2034.150176,320.6229596,3686.569183,3136.131614,888.9616739,5345.866294,332.94407,13539.52804,10941.5133,1854.993281,13244.37039,783.0525251,3,8120.977527,83.2546858,1215.102102,2673.324982,30.99999997,27216.8378,956.8712817
Namibia,NAM,2018,107.1414254,1148.078906,131.748033,,3003,406.5873731,250.2511927,651.6704746,216.5867709,594.7821603,9.82793799,1554,44.9158031,75.43143552,8.210689607,68.30925681,345.7520732,3960.461425,27.58051871,869.1124503,451.4570699,59.53589178,830.0329653,38.56816965,0,812.6500654,17.90732849,135.4810909,231.1519906,1,546.2448702,25.81789525
Nepal,NPL,2018,836.5716945,9297.130361,386.8224375,4,49248,4178.87024,4879.33964,23583.443,5671.171133,9756.220883,784.3223305,18315,724.7772961,372.5364368,723.9819353,941.0796251,486.5450222,2619.360638,94.95908243,4796.009419,6786.523924,1363.975353,8576.956932,277.6595051,153.999999,10796.47513,90.67711791,758.3753005,2340.711969,0,5248.406076,84.91447488
Netherlands,NLD,2018,95.12094519,6178.480383,86.71575345,0,40564,14835.51435,2682.509597,10108.8344,1680.558494,5648.78287,17.55941151,51854,1791.529689,153.2108309,0,107.8936439,146.026746,55.54210146,233.4386219,92.86453285,856.178086,10.98866479,320.35563,532.6808301,0,352.9788892,58.5740382,176.7240915,2065.992791,0,2729.104541,22.93742899
New Zealand,NZL,2018,14.18523377,727.9379142,7.020600467,,10898,2974.858986,772.5941635,2143.278706,292.1386871,999.8540335,3.243763804,9838,376.9226713,22.62446684,0,53.59197554,59.6297758,9.979438262,74.68839732,17.98757468,362.0175701,6.396217996,120.550464,65.65511214,0,70.73766068,8.022090047,10.07590542,537.090735,0,555.5849871,9.064065519
Nicaragua,NIC,2018,55.61639725,848.9483069,97.29987788,,6033,1173.402303,2291.898473,877.277993,1126.540941,1579.406523,15.49268433,3289,141.3884128,27.3582879,2.652592892,160.2588868,471.7291138,590.4061918,29.73430041,138.0358563,653.6432823,74.38639746,848.4011269,391.4601437,15.00000001,183.6806543,5.213891794,99.67655565,372.4325745,0,1230.827141,22.96897379
Niger,NER,2018,7814.647352,19709.96318,2197.827298,148,13967,1211.489837,1776.716666,3053.440516,1503.903635,4412.171457,688.1903867,8177,208.6925366,657.1280139,30485.13915,1202.955215,1051.282223,1950.520297,77.77433092,5808.679526,2541.553744,2929.875757,16201.59053,119.8927977,72.00000019,21955.4369,229.6829291,2330.041322,752.6586678,308.0000017,1685.393554,258.1896705
Nigeria,NGA,2018,52947.74052,189929.6936,25056.65799,1805,122519,20451.33218,13739.85936,19051.59461,45473.5789,71075.85938,3305.338201,96555,2966.347745,4084.748112,152240.3132,7811.724879,7132.933388,169102.548,2071.509388,57219.48151,19810.19981,17982.33773,180354.6903,1961.227232,20,138358.7302,1297.320961,25758.84853,8069.485202,4057.999597,12248.45073,1674.219867
North Korea,PRK,2018,314.5446862,5689.021082,310.4018059,,90238,7393.640372,3639.262972,44377.61222,4657.171189,8515.353918,432.5446529,41553,1185.335296,312.2580436,2.529944451,1584.015256,708.7673614,896.95496,370.3858356,2713.430397,5744.258645,208.2372967,2183.910014,411.8355335,0,436.519405,120.4085348,373.0922539,3309.010207,0,3218.574325,533.2173545
Northern Mariana Islands,MNP,2018,0.214225453,11.04914349,1.032168109,,82,10.90495025,18.19990984,13.16878381,8.661545662,13.72970397,0.476470658,58,1.491468068,0.43077341,0,3.091572855,2.275839833,0.419993515,0.283743341,0.775450367,4.964829873,0.220845097,1.330468425,1.394467619,0,0.466830786,0.16654343,1.047722149,5.687613697,0,19.39062861,0.167743212
Norway,NOR,2018,18.84311532,1840.085865,39.31046209,0,12886,4465.162792,589.9669527,2639.160339,372.6169459,1388.398307,7.084891898,11611,464.6479379,91.97411326,0,56.45054614,38.38302026,14.7837207,273.9318337,39.5760826,215.0948719,1.891764216,56.85863713,261.4163175,0,317.6401429,51.35412708,54.74399195,583.1096213,0,591.0818274,36.40266054
Oman,OMN,2018,18.1417114,404.3007237,2.593862191,,4128,402.9641625,253.1402396,167.8582907,176.2929672,246.3933998,26.70968259,1277,49.09286328,18.09734411,0,96.75879558,24.15151331,134.7399818,18.53098081,17.89976375,1949.600681,14.26477493,396.8455166,9.360400489,0,19.76379986,1.819294094,34.7054606,140.9209422,0,537.6682501,28.13555981
Pakistan,PAK,2018,18853.0296,59440.46255,3141.975387,1076,381421,22590.43057,36844.36153,69969.12997,45501.13145,72646.90984,5948.320839,170987,3684.376498,2603.087661,4999.17386,13045.63748,9326.104189,5306.438654,999.5132913,44149.89771,53008.68704,18371.34571,185097.6831,1547.28657,42,59787.13153,614.5547929,5648.260225,9086.871213,473.9999984,40871.5749,1150.325276
Palestine,PSE,2018,40.9346879,515.3590877,7.785983556,50,5327,690.141822,623.9829858,411.4209641,221.6694407,371.4858203,12.48445798,2265,73.05888924,25.92110483,0,40.69429125,259.7901565,10.27481294,28.6634404,39.86703747,355.2046376,18.36526165,1013.997703,9.743791935,0,35.12412964,6.929604799,8.879012698,145.1459248,127.9999939,763.2214641,7.060371182
Panama,PAN,2018,50.15241761,896.6116338,106.2002599,,5246,1290.51785,951.4741984,767.0216373,455.1672705,825.0837278,8.570627395,3519,176.0078131,24.55361152,0.44739295,132.7615174,639.8866413,526.1548455,26.14455702,197.6637224,512.0313337,49.85334255,371.1314877,28.23005084,0.999999999,172.5886498,1.786815525,114.2216406,198.6258949,0,1067.531368,13.87216643
Papua New Guinea,PNG,2018,757.0530372,5470.893765,818.3788235,0,23547,499.2594579,1964.306685,12145.73701,1306.555085,1894.264784,205.9344691,6191,121.8785705,259.9859532,606.0861782,1541.010673,994.3001135,1323.260601,35.9509435,1226.130804,2831.478645,1532.47101,4032.891031,95.66632315,0,3244.252227,145.7280947,841.1056464,2023.288793,0,3050.192796,150.1157489
Paraguay,PRY,2018,86.70829664,1361.032838,236.3982333,4,9835,1556.938382,1601.637071,1075.153578,670.9361755,1516.42429,11.79316264,5649,207.2268925,57.29220107,0,168.7342992,844.5776825,761.5756069,24.89031522,229.7116965,1491.430889,108.4498951,482.6126784,237.8484364,0,173.8655254,8.890797882,242.127233,392.629085,0,2187.864406,16.08486722
Peru,PER,2018,262.1793572,16638.3087,645.6469289,8,27720,10194.56926,5287.027177,7492.045408,5561.867004,9227.468633,90.16664324,28513,1311.303785,378.6545629,6.291194369,845.8964448,1186.828269,2395.686372,384.7328613,2073.522033,4576.99552,548.7835369,3711.579447,283.194556,99.99999973,1222.162912,147.7475588,718.5189167,1033.197312,0,4299.501031,220.8239868
Philippines,PHL,2018,3401.071172,68012.79894,3403.39904,496,217552,15735.48567,34051.06256,33060.83657,12696.35677,26512.92859,783.1084297,79280,2395.241837,1186.829053,101.4934647,5245.231989,15890.5412,4184.931407,584.960501,29321.86304,10940.45251,2104.204049,24721.78674,1430.301698,68.99999992,7086.100201,205.0523935,4132.153399,5570.28981,1137.999999,26048.58711,251.0983733
Poland,POL,2018,162.7442053,11095.50652,76.27542348,0,168709,28753.23699,3441.928107,11826.39903,7788.440392,16842.77596,47.12219844,109266,3509.840617,630.6125671,0,904.3588215,666.0390612,143.5539657,303.7186321,576.8449617,3953.773235,16.35514565,700.0408697,4456.999035,0,277.8153134,357.7382691,97.87944146,6778.409154,0,6654.609457,243.2354385
Portugal,PRT,2018,44.13459576,7160.499909,83.02360057,,36943,10795.24375,3109.17815,6597.615896,2132.956427,5110.856727,28.69006336,29600,1263.270443,236.1440176,0,120.8648891,141.6662309,502.4700223,148.7666817,223.4486456,960.9296956,6.866008893,122.7603265,294.5263426,0,160.8365169,66.25165808,115.1371462,1358.757631,0,3768.998447,34.55108118
Puerto Rico,PRI,2018,18.01398266,1609.671547,80.68253543,,8447,3036.73623,1690.60044,1632.024388,952.9945083,1496.384983,19.40488856,6428,334.839249,44.16270456,0,42.72280123,764.3529042,238.3452049,132.4836544,20.07118779,445.6943256,7.058997836,121.6438788,138.2698718,2354.995499,70.87972781,8.130588665,91.22598196,283.122711,0,2909.132175,8.390308536
Qatar,QAT,2018,5.801446822,90.76900474,0.35612377,,918,94.74933512,114.7587127,61.19672333,113.5447384,159.2319957,4.475648769,660,15.83876145,20.12772776,0,35.74081767,21.39748923,6.961500784,8.947623462,7.288447936,573.5455357,3.575640869,78.27531149,7.626113751,0,3.470834439,2.616199672,0.773090249,145.4382738,0,287.296741,9.174474203
Romania,ROU,2018,75.91687192,6206.580646,56.17129531,,144849,14456.18292,3043.167635,7448.147722,10114.34482,14231.60313,42.77151121,51229,2176.026399,435.0309576,0,714.0204642,405.3738546,165.4361896,348.262771,1008.60799,2184.284719,30.32042663,472.2722094,627.9947537,9.000000001,105.7229055,316.9955027,81.53602853,2364.217104,0,2259.563281,344.9583795
Russia,RUS,2018,1346.137858,35492.71417,215.0218825,61,1000223,84368.915,11360.90934,38231.86738,50909.93471,94608.71624,214.1058404,291447,9642.98879,7062.685112,0,8258.914421,21636.69767,19301.83747,9480.169265,10564.94202,24384.76125,250.321835,4460.504291,28503.96359,16,412.0177617,10177.37316,990.9011523,43897.48615,131,15681.70141,6482.400418
Rwanda,RWA,2018,1318.609232,6441.017997,1489.844611,2,8125,1124.555148,1147.999252,2106.398532,2668.403654,4855.545917,260.2359862,6308,144.0417586,319.3455455,3052.31284,356.8577725,370.0222103,2962.575881,33.76693644,4564.285314,2660.807283,731.0271874,5923.190338,167.3457524,2.999999999,3896.288099,27.69266249,1536.18628,776.6817841,3.999999998,1613.464238,128.9993186
Saint Lucia,LCA,2018,1.668534795,56.9328374,4.286151781,,422,79.08307841,55.32599369,53.25604373,27.52652912,49.34332017,0.434753385,271,11.21389767,3.059285721,0,9.814447092,32.83824314,7.829778559,1.774327988,4.027602407,25.0192643,1.735460216,16.6728746,9.142151945,0,3.734312322,0.678237914,4.88211384,13.89025069,0,107.9433435,0.484297719
Saint Vincent and the Grenadines,VCT,2018,1.606536403,45.27700599,5.921909581,,348,34.52783828,36.56507698,21.58490141,16.92976736,37.17382599,0.15111205,194,6.296077036,2.271502673,0,7.513366461,23.68551081,20.14340989,1.387489974,2.649768134,11.55011553,1.526587617,14.40643581,9.920819898,0,3.810479211,1.178064346,6.922260738,9.108741486,0,95.1124352,0.287090788
Samoa,WSM,2018,2.745447317,52.59585386,4.371690907,,411,49.45248559,56.43048568,63.67147742,22.87846439,45.90916846,1.451414115,118,6.103587066,2.519879463,0,9.08492524,6.130381653,9.090374448,0.919951073,7.670639579,18.02155764,1.868963362,28.75401782,0.929471143,0,5.775790657,1.340461843,4.596633719,17.27272494,0,79.11089502,1.359824742
Sao Tome and Principe,STP,2018,6.339805196,118.4139482,10.75114872,,238,23.99772565,45.46967251,85.5483016,79.20474786,98.90981693,5.090556447,128,4.461000853,0.992537646,0.482682242,3.778794472,10.19749651,0.204946781,1.665014932,24.042352,23.6064585,8.397640114,56.16529239,2.499874778,0,16.97726747,0.201070163,11.24662677,5.337010113,0,13.88959299,1.786045394
Saudi Arabia,SAU,2018,144.9097477,3505.026749,45.20891595,31,31569,3370.61741,3817.801923,2664.777726,2461.030714,3108.591672,156.5174988,11843,470.9876653,709.8227688,15.7515871,1324.814666,302.0801191,525.8028675,467.0564543,678.8618724,12039.44658,130.4351674,2400.988479,118.3272506,4.000000001,212.393769,105.5135679,48.94313194,1082.764557,2588.999595,2130.464972,270.65951
Senegal,SEN,2018,2014.610444,7727.294366,842.5002344,,14794,1960.307606,1930.224587,2852.204106,1421.122808,3747.113518,259.1270391,8931,332.8725471,372.2412882,2145.934721,502.7346198,147.4839091,1803.991249,128.4097932,5250.075848,1799.996704,1407.580033,7876.980894,127.0865637,0,7269.555343,166.8335358,895.6118946,1111.508191,0,2348.712709,149.6291244
Serbia,SRB,2018,30.7825981,1512.247702,10.6730412,0,67115,6511.553193,2385.694576,4159.830468,1304.072176,4233.833575,6.90066538,26965,851.3722538,109.2022721,0,113.8439807,218.0943275,72.50413838,91.31812486,139.5458824,780.1088949,9.875001301,235.781725,393.094974,0,66.61551327,61.30849671,19.48287999,1601.183627,0,3444.553923,42.8113189
Seychelles,SYC,2018,4.453953235,72.86997215,1.18199219,,236,33.46524222,41.48695907,26.81281912,27.49769949,48.00843307,0.950975344,162,4.187953675,3.832547663,0,12.41317988,6.288183879,5.790631186,0.864390912,1.719032074,14.37731538,0.987422474,7.460602071,0.983582481,0,2.360631314,0.202473805,1.462393721,8.89531403,0,18.04147783,0.631073126
Sierra Leone,SLE,2018,1696.972337,7169.560562,1535.50083,0,9659,756.8441638,896.0600138,1434.512259,1086.083013,2316.540063,165.6815748,4019,134.371027,217.2853767,11118.61793,376.6439474,107.3437865,2190.557363,73.46793483,3503.234173,1244.606092,1220.438933,7137.198076,68.58744584,250.0000014,4757.218772,82.62644732,1578.650018,453.3479035,0,964.0713757,86.92909324
Singapore,SGP,2018,5.330812341,2695.759584,0.701273417,,6161,1617.080356,594.3542225,613.897071,254.1532424,554.0060756,1.962991295,5449,184.4270575,12.87968818,0,26.19599619,25.81637583,32.67192725,16.85078044,19.55807063,196.5658597,3.593240723,27.16300328,12.52347111,0,14.64296565,2.292186465,1.39678235,496.3444067,0,155.1381614,3.560082589
Slovakia,SVK,2018,25.15037445,1679.952717,5.394209284,,25216,2992.154886,713.1383521,1107.394637,1526.884104,2747.70859,5.378949463,13227,368.1590329,52.79566665,0,122.0429188,131.6259567,3.90770012,47.09686826,29.99897445,442.3026125,3.977860979,126.8054872,245.4647718,0,22.01783636,81.36082924,7.314465806,674.5376712,0,731.8320555,33.39130513
Slovenia,SVN,2018,6.994168558,601.4200232,0.464410208,,7450,1533.889937,212.6635797,630.0691911,541.1972057,1058.257967,1.031157045,5907,207.0179687,12.46859739,0,21.72651192,20.28143717,2.471720641,27.4206584,13.45816797,142.4535856,1.187614586,17.36222207,195.1779409,0,6.021194854,14.89041991,1.372770697,430.1969581,0,300.2122014,6.245362205
Solomon Islands,SLB,2018,17.98245898,461.9585316,21.91224704,,1264,62.30802848,149.3748506,215.8045607,74.84822826,114.816488,9.864766789,384,11.049017,12.41333792,2.310302476,62.71929616,33.32366767,28.07613071,2.22648347,58.86475224,117.278287,30.16405882,148.1061952,4.490518788,0,48.97745271,8.107066932,22.86720281,92.88399537,0,267.9606949,7.191735843
Somalia,SOM,2018,3282.386439,13032.58645,3353.021432,1912,18048,1031.161103,2023.023641,3059.354244,2521.946204,4786.49141,311.6268463,9299,155.6243421,550.3792913,1155.333814,727.5087149,1401.420079,2392.795878,46.54041193,12696.58528,5154.26078,2363.090463,12265.14659,153.9454548,0,10547.9423,75.81535848,3434.626271,852.4741981,5444.991152,2635.882998,242.4029914
South Africa,ZAF,2018,2313.516922,26529.31206,1788.659137,21,76671,11383.21831,9149.348651,18132.17086,4604.680104,11630.0116,184.3104825,48637,1177.479249,1927.967421,67.53330692,1439.406903,15700.98004,135398.6078,719.5076843,19624.01564,15503.65725,1191.24612,10626.0581,681.6917392,14.00000001,14301.98743,402.8583098,1841.045414,6221.011503,63.99999983,22654.21479,492.4401707
South Korea,KOR,2018,105.9403289,13443.51203,80.66875553,,66787,31554.17182,6095.001955,13973.02709,9447.361907,16084.06871,110.4067641,92548,3348.190321,614.0290354,1.808738551,743.3975135,706.9836308,147.5580903,159.9063588,2975.850954,6642.723257,41.68811342,654.4200827,1028.616209,0,896.770353,309.238103,205.4825191,15228.12658,0,11719.05795,233.2475523
South Sudan,SSD,2018,2617.628135,12069.9902,2803.391886,581,8422,698.378696,1241.249727,1682.27392,1397.312509,2595.558364,184.0328793,5094,96.41565068,427.5016049,3862.896778,578.6899691,773.738303,3706.703551,18.99430712,5471.728475,1761.134962,1409.505628,10572.3123,89.32126563,0,11231.13354,36.11620223,2854.306043,595.4772493,4224.991817,1445.259239,153.4687424
Spain,ESP,2018,191.517135,12940.79783,178.31026,21,123577,51758.83827,10605.49094,33489.80902,8132.42279,21592.74,121.3577323,115657,5807.826215,342.6820387,0,452.1787977,331.4889209,708.3444229,826.7495941,386.8076804,2451.604325,20.44051672,594.161854,463.8814116,0,936.0293671,146.7695594,329.4580825,3742.525615,0,8291.987797,124.2329803
Sri Lanka,LKA,2018,318.9552913,4985.5897,121.9961828,1,41867,5970.909022,4512.028432,12266.74306,4020.915395,5245.755936,25.41402267,16628,736.8259428,418.7218174,0,1037.314412,762.4302591,55.80751755,194.7625574,773.2472455,2795.433058,88.49062468,1245.023486,506.8695562,36.00000004,712.2780583,53.52412529,138.3273856,4523.488208,1,11536.84582,80.12392668
Sudan,SDN,2018,1107.971499,9402.255232,609.7205935,82,69012,4395.845618,3175.418442,5901.858146,3147.590623,5147.7649,519.0950347,15171,616.6064732,1120.78522,2551.626021,1206.753004,427.1226599,5296.181035,433.3111332,1221.099726,10692.00312,2369.808928,25223.83894,117.494038,0,8235.722905,75.76761508,686.0885877,1655.44482,1367.000426,3195.732556,569.7999674
Suriname,SUR,2018,7.989430589,181.526843,12.65180974,,1396,169.5389028,209.2722688,123.0337571,123.5471815,242.5495634,2.635654984,666,23.72808298,10.0343562,3.194927207,30.33840078,51.91284525,101.7875001,8.167025021,9.198063625,98.62938656,10.46337243,143.5982517,20.40624922,0,38.48796014,2.981172223,13.98487921,147.0360751,0,225.8374947,2.504400085
Swaziland,SWZ,2018,80.90442009,674.4198036,76.73161777,,1465,111.3629626,212.6761636,324.3015845,126.7241861,253.211857,8.135456657,844,14.00985572,47.90665992,5.295402428,54.89041425,264.0958245,2506.04774,24.26307402,521.4053932,370.5249376,34.35525115,360.2611711,18.57414949,0,544.6824144,11.96140639,78.67302753,207.684193,0,583.9581799,18.50507327
Sweden,SWE,2018,31.73713407,2902.619319,79.13863201,5,34164,9660.129172,1461.490871,4517.869732,1070.523723,3033.801149,8.174220648,24053,1213.285795,176.4949349,0,108.5417817,120.4823716,22.76909767,398.7784539,79.11376768,390.2007605,3.852402993,134.6236288,374.5423961,0,620.4050516,105.1881452,104.0972741,1395.495804,0,1721.8909,37.69406288
Switzerland,CHE,2018,28.25897097,1696.579703,45.84030007,,21280,7596.930064,1558.368105,2815.637224,939.852282,2640.838264,77.15240613,17882,852.4481657,41.25425447,0,52.25031875,52.70220441,38.33975195,201.3189296,32.9350868,334.4327815,5.230805591,154.4100952,255.2116877,0,206.0057111,16.1076702,69.94054066,1132.98286,0,1123.458483,11.16522653
Syria,SYR,2018,230.9725848,1945.950991,64.19525571,2026,41380,3156.500667,2257.063039,2993.923933,1525.329068,2139.315175,9.468173088,8795,421.7721891,137.1200637,0,152.4925686,339.575489,11.31070418,242.3008581,58.07176752,1747.97683,43.75873682,976.0004403,76.83300045,0,52.68957591,30.33346993,68.45561099,487.2235293,41378.34528,1161.098503,74.05263615
Taiwan,TWN,2018,130.9232968,13114.76359,102.9212967,0,40528,12813.79062,6743.481312,9474.244857,6509.59491,10312.86128,238.1653903,53165,1961.384583,211.0009623,0,584.835097,336.795657,197.9752328,467.96125,853.0326782,3983.736515,26.69913639,348.0179678,486.6415483,5.000000001,128.9646395,42.49218594,113.4346963,4355.487764,0,9521.810198,90.72271859
Tajikistan,TJK,2018,283.5875673,4901.968215,6.93058285,1,18269,1288.787273,641.4872899,1463.651042,1536.231769,2157.471219,135.855287,4721,202.0765146,242.6340876,0,710.9127065,267.3432114,44.52429908,34.44053399,780.025196,645.3774373,71.58969066,3672.400062,183.0223157,12.99999999,1782.869471,13.29126976,43.3260522,485.4659317,0,1322.577706,56.97185251
Tanzania,TZA,2018,5340.159545,33485.51924,6529.951841,8,44175,5678.308438,5805.820747,6391.295782,6161.39291,12862.41224,853.5373879,27864,705.0904831,1459.505678,15325.27521,1819.102893,3050.667735,28298.59221,288.1028574,20391.08167,5559.848346,4915.54864,34523.38712,600.7168593,6.999999996,15196.45674,125.8748899,6721.465285,2635.798345,42.99999973,7084.131,672.1744964
Thailand,THA,2018,1236.779242,36187.5784,421.3278514,72,102583,31550.26958,21921.9056,19812.81734,17238.74201,27266.269,303.1823942,102596,3686.963199,811.8380359,31.13491535,5044.979785,4247.926357,19371.99228,714.803109,6225.920695,19182.61534,250.7261775,2259.409338,2313.132506,76.99999996,4340.307399,45.95931912,463.9672352,8769.342172,32.99999997,14842.8964,206.321901
Timor,TLS,2018,40.52877841,479.3209313,38.7283963,,2284,191.2015208,147.4965031,451.2131884,227.3648605,420.461923,11.75746432,834,30.69084498,18.4976496,1.829681697,70.38081986,35.04024718,222.6510356,4.111209328,222.1603214,117.7572999,94.72849902,442.3464407,11.49757512,0,176.0677117,1.74402094,42.88791839,76.99287761,0,184.6825138,6.55686421
Togo,TGO,2018,726.272946,3741.703844,461.3478214,,7581,578.5141835,758.54537,1294.08169,747.3581873,1728.289097,126.3286064,3619,104.0261578,134.2120592,6904.311841,203.3685148,402.2957258,3874.598644,104.5345319,2349.203073,1135.00159,497.5257939,4066.069863,86.06751458,0,3201.880062,67.04813448,489.2097694,568.0595141,20.99999979,826.3165205,63.05784876
Tonga,TON,2018,6.307496111,37.10064747,3.667995584,,168,30.43815982,38.38371235,42.4699374,20.05499697,39.69744805,5.698354451,130,3.846548549,3.179435776,0,6.731653862,2.273131261,1.22362087,0.58342418,3.594786584,11.39121891,2.480732455,14.5286656,0.738101634,0,2.928709127,0.88407669,3.786159235,5.65974777,0,89.46034326,1.548748609
Trinidad and Tobago,TTO,2018,16.12924122,313.6417792,23.05599818,,3918,469.9324907,472.9285742,251.9622118,181.3337221,453.0005386,5.445477588,1885,64.58978052,24.47473282,0,47.05171156,318.0700172,219.4471582,16.38492626,21.13569467,210.4878927,9.718822408,160.3691597,37.77545944,0,25.42260577,2.786361831,23.88618386,157.9969805,0,1639.745439,2.779387741
Tunisia,TUN,2018,95.78667559,1650.136675,19.82449107,5,34122,3939.939328,1645.080521,2497.375786,1000.504798,1775.71797,97.95874718,9409,499.4840637,172.6190417,0,98.23587957,67.07749172,193.6858258,223.6695399,131.1005341,3668.6321,46.35047908,846.7323351,29.06737656,0,117.0720933,11.63107043,25.73168179,376.9624634,25.0000005,1933.593631,76.27208136
Turkey,TUR,2018,362.5053406,11029.39696,432.299926,222,146584,25062.64255,15152.96531,30377.12349,5023.637427,10146.6939,377.9362078,92760,3264.836034,420.1655375,0,861.3277146,1709.296531,200.1701872,524.6834379,751.1631053,8603.61229,243.9113808,7758.610177,220.7764628,0,515.9515052,70.78964854,635.827294,2858.414605,2966.000791,14803.25785,441.0665806
Turkmenistan,TKM,2018,64.58846124,1205.790928,2.981108086,,17557,1084.649829,632.3195326,440.455879,2341.297868,2713.857559,66.87695862,3525,100.3272666,116.2325287,0,153.2212112,203.241251,99.45876642,66.36807841,514.6935605,322.8528277,10.3563781,1118.786143,145.0262745,0,74.31815945,101.9389609,9.492915743,438.1121717,0,699.19476,31.4121575
Uganda,UGA,2018,4915.037996,14830.62302,3440.368182,7,22888,2446.464249,3014.725088,4523.568256,4316.000438,8741.876949,344.4117567,20659,314.8186977,822.5554892,22236.76643,1083.686971,1523.302155,25920.09513,104.9623517,14181.29485,5826.317551,1753.094264,26522.63156,326.2447186,16.99999998,11833.28602,85.95648478,3519.304681,2028.638612,27.99999987,3794.339679,357.2425407
Ukraine,UKR,2018,468.742201,9215.055512,62.24858487,40,427321,34913.44251,2900.348494,11366.16943,20082.88961,30536.79068,151.8949858,96034,3863.737246,1940.549684,0,3150.378124,4504.340208,5075.778565,1756.124389,3752.966498,6681.289444,145.4566804,1453.936862,8270.022809,0,103.3613523,2500.007675,171.7225677,13679.1504,478.0000117,2623.67214,1473.084332
United Arab Emirates,ARE,2018,141.2890657,585.7143479,4.064721193,,7347,278.7354725,829.0285742,1554.020431,412.7392211,589.0467276,82.48526911,5107,72.88908413,144.8973624,0,152.008549,116.9076001,204.9486433,629.440552,79.87458028,3648.666895,11.30270619,319.4348855,86.67813716,0,55.62482627,14.62289771,9.017846108,598.730067,0,1145.260921,32.40065643
United Kingdom,GBR,2018,289.5170868,36951.8554,99.54297848,42,176516,63893.93698,6765.521665,47297.63299,9257.60719,29640.11336,64.05474965,179856,7334.280902,626.5777039,0,335.319805,355.2125142,264.0830948,3011.383998,387.8862759,2678.724283,61.74297827,1673.313255,2319.399154,0,1226.339673,284.7263676,144.7518208,5777.963501,0,5435.839023,149.5086432
United States,USA,2018,1425.54229,93791.66067,4292.025353,95,902270,258586.5833,84944.29642,196983.0061,62493.46093,114419.1272,1080.60121,699394,29576.51683,5505.23077,0,4218.396499,19880.00378,7342.708024,67629.28533,939.1084308,44213.78455,1171.319519,11437.05494,13968.92568,103,9505.704738,1454.88123,4904.562987,48799.64642,8.85036052,68558.41703,1823.257723
United States Virgin Islands,VIR,2018,0.62490498,32.22621674,2.702811907,,474,51.50751548,47.92756014,31.94434258,30.40608092,52.31045603,0.743837807,308,11.08274792,1.830708503,0,5.309756624,31.07593914,8.965104006,3.13852388,0.869959575,15.1112596,0.674695885,5.836137843,13.74727363,4.999999302,1.126818918,0.866314372,3.071037806,9.29844924,0,72.26329396,0.564526752
Uruguay,URY,2018,16.97630538,1476.244907,81.46953507,,9912,2362.665873,786.9811102,2064.783995,495.2748726,1454.906619,9.609048414,9576,340.2316637,84.77854657,0,92.3230553,209.81519,180.5594866,39.40427059,56.58622073,609.0618542,12.22410461,163.3916207,120.6018279,0,148.8637294,11.3273134,133.966972,676.3705222,0,796.2945799,23.81339362
Uzbekistan,UZB,2018,282.0020829,9748.549809,7.834816988,,115263,4577.692481,3583.53235,4238.507018,10973.92551,12836.56042,232.5392913,19020,694.8285666,679.5901955,0,1470.571462,824.3094116,601.3913057,342.7848669,2513.116266,3990.093146,180.8025661,5347.733826,310.4958673,0,214.7069912,246.496962,50.08275749,3036.215109,0,6467.628656,340.7785396
Vanuatu,VUT,2018,9.810281851,119.696814,11.7027987,,797,46.96195303,66.81684406,145.8881904,59.23934096,130.0449652,6.007230034,274,8.723828359,5.325063118,0.602420471,30.7488928,4.799881573,13.44969289,1.234524616,28.08262314,51.92034198,9.37018017,87.0020787,3.29123675,0,34.79884827,7.679089524,12.18687329,45.45128157,0,94.34849187,3.391670568
Venezuela,VEN,2018,314.6804717,5184.285434,424.8704911,5,52708,6897.680688,8403.247152,5693.618837,3744.875093,6880.62228,166.5716602,30238,958.5373525,219.0637313,16.42450124,729.3449154,14759.76907,2127.56996,239.410986,786.710928,6988.099412,394.9568152,3966.248723,217.3296126,0,1233.166533,13.65720792,445.5755664,2784.667242,0,8670.358265,110.2345331
Vietnam,VNM,2018,711.8385572,18136.84387,70.91689458,0,201137,28273.77749,17383.63805,35945.5034,22607.36317,29614.26311,662.8349385,120617,3744.519053,530.5112025,1418.384926,6932.041502,1514.261636,11434.04718,1252.196723,17594.45438,21430.7331,212.7885514,5832.173454,1035.75024,196.9999987,2200.489018,49.55008301,962.4609682,7456.925421,0,23438.79101,955.0189978
Yemen,YEM,2018,670.91235,6365.552514,652.7477463,762,53367,2671.957699,1964.220256,4967.907735,1708.465364,3489.711894,373.088929,11942,421.0575895,880.7325456,6.376836423,752.913351,867.8319283,387.3831753,353.6694035,1021.099125,9556.048507,2160.26572,18040.42711,76.49424356,50.00000033,8124.503567,61.42804304,745.3607574,1469.601158,16810.95736,2100.060716,440.942178
Zambia,ZMB,2018,2459.456832,8979.435304,2586.370661,0,12157,1375.849052,1852.649216,2227.182685,3257.312429,5040.157531,312.3368023,8826,199.8377661,422.2897675,4673.107929,625.5308668,993.5355246,21806.82435,96.94778845,8306.847486,2098.350428,717.6444747,9688.017924,202.3151268,0,7748.347728,19.93001918,2637.116209,1160.83605,1,2351.565128,180.8079341
Zimbabwe,ZWE,2018,1677.007331,12369.6547,3111.873502,0,16977,1246.101126,1739.892243,3411.960571,1439.681856,3387.438086,134.9902736,11440,182.253969,592.2463595,685.6821336,730.0942268,1179.899994,16065.32968,255.80195,11958.06653,2729.899932,1180.698681,8411.915534,77.19233902,0,4602.59376,41.43361112,3157.591804,2647.468528,4.999999979,2746.739645,405.3772658
